{
    "Autofill Profile": [
        {
            "address_home_state_status": "OBSERVED",
            "address_home_country_status": "OBSERVED",
            "address_home_country": "TH",
            "name_honorific_status": ["VERIFICATION_STATUS_UNSPECIFIED"],
            "address_home_apt_num": "",
            "name_first_status": ["PARSED"],
            "address_home_thoroughfare_number": "",
            "address_home_zip_status": "OBSERVED",
            "name_middle_status": ["PARSED"],
            "address_home_zip": "40330",
            "birthdate_day": 0,
            "name_full_with_honorific_status": ["VERIFICATION_STATUS_UNSPECIFIED"],
            "address_home_street_address": "ใหม่นาเพียง",
            "name_full_with_honorific": ["เอกลักษณ์ แสนป้อง"],
            "address_home_dependent_thoroughfare_name_status": "VERIFICATION_STATUS_UNSPECIFIED",
            "name_last_first": [""],
            "address_home_language_code": "",
            "address_home_city_status": "OBSERVED",
            "address_home_floor": "",
            "birthdate_year": 0,
            "name_last_conjunction": [""],
            "name_last_first_status": ["PARSED"],
            "birthdate_month": 0,
            "name_middle": [""],
            "company_name": "",
            "name_last_status": ["PARSED"],
            "guid": "db6f3e0e-233a-4f72-94cb-71465c0ebb4d",
            "address_home_dependent_thoroughfare_name": "",
            "address_home_dependent_locality_status": "VERIFICATION_STATUS_UNSPECIFIED",
            "address_home_apt_num_status": "VERIFICATION_STATUS_UNSPECIFIED",
            "disallow_settings_visible_updates": false,
            "address_home_city": "แวงใหญ่",
            "name_full": ["เอกลักษณ์ แสนป้อง"],
            "name_full_status": ["OBSERVED"],
            "origin": "",
            "name_last_second_status": ["PARSED"],
            "address_home_subpremise_name_status": "FORMATTED",
            "name_last": ["แสนป้อง"],
            "use_count": 10,
            "address_home_thoroughfare_name": "",
            "address_home_thoroughfare_number_status": "PARSED",
            "address_home_premise_name_status": "PARSED",
            "name_last_second": ["แสนป้อง"],
            "address_home_premise_name": "",
            "address_home_line1": "ใหม่นาเพียง",
            "address_home_line2": "",
            "address_home_street_address_status": "OBSERVED",
            "name_first": ["เอกลักษณ์"],
            "address_home_sorting_code": "",
            "name_honorific": [""],
            "name_last_conjunction_status": ["PARSED"],
            "address_home_state": "ขอนแก่น",
            "address_home_dependent_locality": "",
            "address_home_sorting_code_status": "VERIFICATION_STATUS_UNSPECIFIED",
            "address_home_subpremise_name": "",
            "email_address": ["saenpong2532@gmail.com"],
            "address_home_thoroughfare_name_status": "VERIFICATION_STATUS_UNSPECIFIED",
            "address_home_floor_status": "VERIFICATION_STATUS_UNSPECIFIED",
            "phone_home_whole_number": [""],
            "use_date": 1659605704
},
        {
            "address_home_state_status": "OBSERVED",
            "address_home_country_status": "OBSERVED",
            "address_home_country": "TH",
            "name_honorific_status": ["VERIFICATION_STATUS_UNSPECIFIED"],
            "address_home_apt_num": "",
            "name_first_status": ["PARSED"],
            "address_home_thoroughfare_number": "30",
            "address_home_zip_status": "OBSERVED",
            "name_middle_status": ["PARSED"],
            "address_home_zip": "40330",
            "birthdate_day": 0,
            "name_full_with_honorific_status": ["VERIFICATION_STATUS_UNSPECIFIED"],
            "address_home_street_address": "30 หมู่2\nหนองแดง",
            "name_full_with_honorific": ["เอกลักษณ์ แสนป้อง"],
            "address_home_dependent_thoroughfare_name_status": "VERIFICATION_STATUS_UNSPECIFIED",
            "name_last_first": [""],
            "address_home_language_code": "",
            "address_home_city_status": "OBSERVED",
            "address_home_floor": "",
            "birthdate_year": 0,
            "name_last_conjunction": [""],
            "name_last_first_status": ["PARSED"],
            "birthdate_month": 0,
            "name_middle": [""],
            "company_name": "",
            "name_last_status": ["PARSED"],
            "guid": "9231269e-b259-474f-a24b-32d681f8e772",
            "address_home_dependent_thoroughfare_name": "",
            "address_home_dependent_locality_status": "OBSERVED",
            "address_home_apt_num_status": "PARSED",
            "disallow_settings_visible_updates": false,
            "address_home_city": "แวงใหญ่",
            "name_full": ["เอกลักษณ์ แสนป้อง"],
            "name_full_status": ["OBSERVED"],
            "origin": "",
            "name_last_second_status": ["PARSED"],
            "address_home_subpremise_name_status": "FORMATTED",
            "name_last": ["แสนป้อง"],
            "use_count": 1,
            "address_home_thoroughfare_name": "หมู่2",
            "address_home_thoroughfare_number_status": "PARSED",
            "address_home_premise_name_status": "PARSED",
            "name_last_second": ["แสนป้อง"],
            "address_home_premise_name": "",
            "address_home_line1": "30 หมู่2",
            "address_home_line2": "หนองแดง",
            "address_home_street_address_status": "OBSERVED",
            "name_first": ["เอกลักษณ์"],
            "address_home_sorting_code": "",
            "name_honorific": [""],
            "name_last_conjunction_status": ["PARSED"],
            "address_home_state": "ขอนแก่น",
            "address_home_dependent_locality": "ใหม่นาเพียง",
            "address_home_sorting_code_status": "VERIFICATION_STATUS_UNSPECIFIED",
            "address_home_subpremise_name": "",
            "email_address": ["xsaen143@gmail.com"],
            "address_home_thoroughfare_name_status": "PARSED",
            "address_home_floor_status": "PARSED",
            "phone_home_whole_number": ["094 097 6965"],
            "use_date": 1670907590
}
    ]
}