{
    "Apps": [],
    "App Settings": [],
    "Preferences": [
        {
            "name": "enable_do_not_track",
            "value": "true"
},
        {
            "name": "intl.accept_languages",
            "value": "\"th,en\""
},
        {
            "name": "translate_allowlists",
            "value": "{}"
},
        {
            "name": "privacy_sandbox.manually_controlled",
            "value": "true"
},
        {
            "name": "privacy_sandbox.apis_enabled",
            "value": "true"
},
        {
            "name": "autofill.profile_enabled",
            "value": "false"
},
        {
            "name": "browser.clear_data.cookies",
            "value": "false"
},
        {
            "name": "translate_force_trigger_on_english_count_for_backoff_1",
            "value": "-1"
},
        {
            "name": "translate_site_blacklist",
            "value": "[]"
},
        {
            "name": "profile.cookie_controls_mode",
            "value": "1"
},
        {
            "name": "search.suggest_enabled",
            "value": "true"
},
        {
            "name": "safebrowsing.enabled",
            "value": "true"
},
        {
            "name": "translate_ignored_count_for_language",
            "value": "{\"en\":0,\"und\":0,\"zh-CN\":0}"
},
        {
            "name": "browser.clear_data.cookies_basic",
            "value": "false"
},
        {
            "name": "download.prompt_for_download_android",
            "value": "1"
},
        {
            "name": "https_only_mode_enabled",
            "value": "true"
},
        {
            "name": "translate_recent_target",
            "value": "\"th\""
},
        {
            "name": "translate_blocked_languages",
            "value": "[\"en\",\"th\"]"
},
        {
            "name": "browser.clear_data.browsing_history",
            "value": "false"
},
        {
            "name": "browser.clear_data.cache_basic",
            "value": "true"
},
        {
            "name": "translate_site_blacklist_with_time",
            "value": "{}"
},
        {
            "name": "browser.clear_data.passwords",
            "value": "false"
},
        {
            "name": "sync.demographics_birth_year_offset",
            "value": "-1"
},
        {
            "name": "payments.can_make_payment_enabled",
            "value": "true"
},
        {
            "name": "translate_accepted_count",
            "value": "{\"en\":9,\"ko\":0,\"und\":2,\"zh-CN\":4}"
},
        {
            "name": "search.contextual_search_fully_opted_in",
            "value": "true"
},
        {
            "name": "browser.clear_data.form_data",
            "value": "false"
},
        {
            "name": "intl.selected_languages",
            "value": "\"th,en\""
},
        {
            "name": "sharing.vapid_key",
            "value": "{\"vapid_creation_timestamp\":\"13300594452646608\",\"vapid_private_key\":\"MIGHAgEAMBMGByqGSM49AgEGCCqGSM49AwEHBG0wawIBAQQgkN6X0k5BllQZsPZBIN+YGaU5fPK/pvdmy8/2qUupFuuhRANCAAQVWAV5XXQxhpxgfS9BkJyHAIJkhgkKTP0mzgj6Fpa0bMtnoGFycoqKbJ90owfaiGaXjvelmXphXGYcmIZzRf2f\"}"
},
        {
            "name": "net.network_prediction_options",
            "value": "2"
},
        {
            "name": "browser.clear_data.cache",
            "value": "false"
},
        {
            "name": "translate_denied_count_for_language",
            "value": "{\"en\":0,\"ko\":1,\"und\":0,\"zh-CN\":0}"
},
        {
            "name": "search.contextual_search_enabled",
            "value": "\"true\""
},
        {
            "name": "translate.enabled",
            "value": "true"
},
        {
            "name": "translate_site_blocklist_with_time",
            "value": "{}"
},
        {
            "name": "translate_auto_always_count",
            "value": "{\"en\":2}"
},
        {
            "name": "browser.clear_data.browsing_history_basic",
            "value": "false"
},
        {
            "name": "browser.clear_data.site_settings",
            "value": "false"
}
    ],
    "Themes": []
}